timestamp_ms,x,y,pupil,valid,marker,event_label,label,trial
0.0,276.034,300.662,3.236,True,baseline_start,fixation,fixation,0
8.333,286.979,301.755,3.332,True,,fixation,fixation,0
16.667,278.44,300.836,3.334,True,,fixation,fixation,0
25.0,278.87,301.98,3.381,True,,fixation,fixation,0
33.333,279.679,299.765,3.36,True,,fixation,fixation,0
41.667,276.93,298.89,3.383,True,,fixation,fixation,0
50.0,279.348,296.22,3.321,True,,fixation,fixation,0
58.333,283.283,299.361,3.341,True,,fixation,fixation,0
66.667,283.209,305.018,3.307,True,,fixation,fixation,0
75.0,286.741,296.617,3.36,True,,fixation,fixation,0
83.333,274.152,303.717,3.4,True,,fixation,fixation,0
91.667,285.689,297.565,3.391,True,,fixation,fixation,0
100.0,277.405,298.742,3.38,True,,fixation,fixation,0
108.333,284.384,300.562,3.312,True,,fixation,fixation,0
116.667,275.871,303.972,3.386,True,,fixation,fixation,0
125.0,283.599,306.005,3.301,True,,fixation,fixation,0
133.333,292.797,308.665,3.447,True,,fixation,fixation,0
141.667,284.136,298.174,3.41,True,,fixation,fixation,0
150.0,277.787,299.94,3.333,True,,fixation,fixation,0
158.333,281.419,303.542,3.317,True,,fixation,fixation,0
166.667,275.073,297.242,3.292,True,,fixation,fixation,0
175.0,272.844,297.489,3.428,True,,fixation,fixation,0
183.333,277.033,300.707,3.277,True,,fixation,fixation,0
191.667,280.848,295.213,3.308,True,,fixation,fixation,0
200.0,291.273,298.397,3.417,True,,fixation,fixation,0
208.333,282.275,299.579,3.311,True,,fixation,fixation,0
216.667,286.435,299.512,3.442,True,,fixation,fixation,0
225.0,276.405,300.158,3.378,True,,fixation,fixation,0
233.333,281.866,296.607,3.31,True,,fixation,fixation,0
241.667,279.02,297.652,3.391,True,,fixation,fixation,0
250.0,282.94,294.618,3.242,True,,fixation,fixation,0
258.333,273.592,300.322,3.472,True,,fixation,fixation,0
266.667,278.088,300.689,3.286,True,,fixation,fixation,0
275.0,274.766,294.618,3.348,True,,fixation,fixation,0
283.333,284.736,299.019,3.434,True,,fixation,fixation,0
291.667,280.989,299.9,3.381,True,,fixation,fixation,0
300.0,282.437,303.156,3.302,True,,fixation,fixation,0
308.333,268.56,300.316,3.313,True,,fixation,fixation,0
316.667,279.864,304.577,3.284,True,,fixation,fixation,0
325.0,283.824,302.601,3.378,True,,fixation,fixation,0
333.333,285.593,298.74,3.309,True,,fixation,fixation,0
341.667,285.195,301.981,3.433,True,,fixation,fixation,0
350.0,281.061,304.465,3.333,True,,fixation,fixation,0
358.333,274.698,294.398,3.284,True,,fixation,fixation,0
366.667,284.093,295.971,3.323,True,,fixation,fixation,0
375.0,290.533,302.329,3.457,True,,fixation,fixation,0
383.333,275.042,293.235,3.441,True,,fixation,fixation,0
391.667,272.915,300.25,3.363,True,,fixation,fixation,0
400.0,275.256,304.27,3.443,True,,fixation,fixation,0
408.333,282.757,299.919,3.361,True,,fixation,fixation,0
416.667,274.52,299.343,3.344,True,,fixation,fixation,0
425.0,275.739,302.335,3.264,True,,fixation,fixation,0
433.333,277.733,293.805,3.38,True,,fixation,fixation,0
441.667,283.713,301.709,3.525,True,,fixation,fixation,0
450.0,284.699,297.41,3.51,True,,fixation,fixation,0
458.333,275.398,302.169,3.395,True,,fixation,fixation,0
466.667,275.601,303.837,3.371,True,,fixation,fixation,0
475.0,282.855,298.142,3.428,True,,fixation,fixation,0
483.333,275.695,295.107,3.436,True,,fixation,fixation,0
491.667,277.866,300.119,3.465,True,,fixation,fixation,0
500.0,285.682,301.74,3.414,True,,fixation,fixation,0
508.333,276.362,302.071,3.417,True,,fixation,fixation,0
516.667,283.777,299.439,3.125,True,,fixation,fixation,0
525.0,282.787,300.316,3.328,True,,fixation,fixation,0
533.333,283.89,300.731,3.362,True,,fixation,fixation,0
541.667,272.582,295.987,3.372,True,,fixation,fixation,0
550.0,280.38,300.382,3.36,True,,fixation,fixation,0
558.333,282.057,300.099,3.359,True,,fixation,fixation,0
566.667,281.281,302.556,3.319,True,,fixation,fixation,0
575.0,283.932,301.75,3.356,True,,fixation,fixation,0
583.333,277.624,301.015,3.402,True,,fixation,fixation,0
591.667,274.625,300.171,3.354,True,,fixation,fixation,0
600.0,276.694,298.297,3.257,True,,fixation,fixation,0
608.333,274.484,295.772,3.313,True,,fixation,fixation,0
616.667,277.2,298.511,3.372,True,,fixation,fixation,0
625.0,279.062,297.995,3.307,True,,fixation,fixation,0
633.333,274.342,299.461,3.337,True,,fixation,fixation,0
641.667,288.115,304.219,3.439,True,,fixation,fixation,0
650.0,290.396,296.653,3.39,True,,fixation,fixation,0
658.333,283.805,301.31,3.478,True,,fixation,fixation,0
666.667,292.689,302.693,3.389,True,,fixation,fixation,0
675.0,274.388,296.919,3.392,True,,fixation,fixation,0
683.333,279.622,296.341,3.343,True,,fixation,fixation,0
691.667,281.8,302.574,3.344,True,,fixation,fixation,0
700.0,278.654,300.017,3.36,True,,fixation,fixation,0
708.333,274.184,302.292,3.481,True,,fixation,fixation,0
716.667,284.071,296.017,3.356,True,,fixation,fixation,0
725.0,271.172,294.97,3.39,True,,fixation,fixation,0
733.333,280.388,298.11,3.225,True,,fixation,fixation,0
741.667,273.655,300.446,3.352,True,,fixation,fixation,0
750.0,283.449,304.189,3.33,True,,fixation,fixation,0
758.333,282.345,299.621,3.32,True,,fixation,fixation,0
766.667,278.776,302.642,3.288,True,,fixation,fixation,0
775.0,285.705,304.063,3.352,True,,fixation,fixation,0
783.333,281.275,296.118,3.492,True,,fixation,fixation,0
791.667,284.894,300.474,3.353,True,,fixation,fixation,0
800.0,362.255,298.209,3.367,True,baseline_end,fixation,fixation,0
808.333,355.382,301.368,3.309,True,,fixation,fixation,0
816.667,364.478,299.669,3.366,True,,fixation,fixation,0
825.0,374.804,302.212,3.366,True,,fixation,fixation,0
833.333,360.222,297.142,3.415,True,,fixation,fixation,0
841.667,368.012,300.177,3.451,True,,fixation,fixation,0
850.0,359.439,295.124,3.311,True,,fixation,fixation,0
858.333,354.715,299.245,3.388,True,,fixation,fixation,0
866.667,355.355,299.779,3.362,True,,fixation,fixation,0
875.0,356.335,297.499,3.355,True,,fixation,fixation,0
883.333,364.362,298.341,3.305,True,,fixation,fixation,0
891.667,359.294,300.797,3.317,True,,fixation,fixation,0
900.0,358.329,299.364,3.285,True,,fixation,fixation,0
908.333,359.112,298.46,3.445,True,,fixation,fixation,0
916.667,357.413,301.257,3.373,True,,fixation,fixation,0
925.0,354.41,296.565,3.323,True,,fixation,fixation,0
933.333,363.313,298.424,3.311,True,,fixation,fixation,0
941.667,345.499,298.909,3.369,True,,fixation,fixation,0
950.0,362.223,301.18,3.33,True,,fixation,fixation,0
958.333,358.864,302.289,3.342,True,,fixation,fixation,0
966.667,348.485,302.805,3.285,True,,fixation,fixation,0
975.0,366.876,304.659,3.396,True,,fixation,fixation,0
983.333,364.521,305.109,3.284,True,,fixation,fixation,0
991.667,361.269,300.657,3.292,True,,fixation,fixation,0
1000.0,370.059,298.403,3.306,True,,fixation,fixation,0
1008.333,361.339,302.836,3.314,True,,fixation,fixation,0
1016.667,357.002,301.386,3.264,True,,fixation,fixation,0
1025.0,356.137,297.695,3.324,True,,fixation,fixation,0
1033.333,359.289,305.072,3.404,True,,fixation,fixation,0
1041.667,360.112,299.382,3.402,True,,fixation,fixation,0
1050.0,362.142,302.451,3.433,True,,fixation,fixation,0
1058.333,354.959,293.805,3.349,True,,fixation,fixation,0
1066.667,360.397,300.789,3.314,True,,fixation,fixation,0
1075.0,358.837,301.537,3.387,True,,fixation,fixation,0
1083.333,366.655,294.043,3.251,True,,fixation,fixation,0
1091.667,367.31,301.673,3.398,True,,fixation,fixation,0
1100.0,358.576,298.696,3.362,True,,fixation,fixation,0
1108.333,355.301,295.792,3.283,True,,fixation,fixation,0
1116.667,360.583,301.752,3.449,True,,fixation,fixation,0
1125.0,361.859,301.299,3.451,True,,fixation,fixation,0
1133.333,356.117,297.362,3.318,True,,fixation,fixation,0
1141.667,359.519,305.564,3.329,True,,fixation,fixation,0
1150.0,366.536,298.7,3.379,True,,fixation,fixation,0
1158.333,363.407,301.466,3.395,True,,fixation,fixation,0
1166.667,356.555,304.004,3.409,True,,fixation,fixation,0
1175.0,356.491,301.391,3.286,True,,fixation,fixation,0
1183.333,360.475,296.78,3.393,True,,fixation,fixation,0
1191.667,374.822,304.045,3.394,True,,fixation,fixation,0
1200.0,355.486,301.046,3.421,True,,fixation,fixation,0
1208.333,359.558,300.356,3.248,True,,fixation,fixation,0
1216.667,355.723,294.917,3.465,True,,fixation,fixation,0
1225.0,362.363,301.993,3.338,True,,fixation,fixation,0
1233.333,352.697,300.484,3.312,True,,fixation,fixation,0
1241.667,355.151,300.152,3.357,True,,fixation,fixation,0
1250.0,400.0,305.0,3.345,True,trial1_start,saccade,saccade,1
1258.333,440.0,310.0,3.327,True,,saccade,saccade,1
1266.667,480.0,315.0,3.32,True,,saccade,saccade,1
1275.0,520.0,320.0,3.35,True,,saccade,saccade,1
1283.333,526.112,315.588,3.311,True,cue_A,fixation,fixation,1
1291.667,519.188,319.563,3.314,True,,fixation,fixation,1
1300.0,529.643,321.099,3.291,True,,fixation,fixation,1
1308.333,510.589,319.527,3.439,True,,fixation,fixation,1
1316.667,520.964,313.631,3.267,True,,fixation,fixation,1
1325.0,520.615,322.936,3.358,True,,fixation,fixation,1
1333.333,520.746,322.951,3.425,True,,fixation,fixation,1
1341.667,516.617,321.205,3.293,True,,fixation,fixation,1
1350.0,514.617,321.618,3.265,True,,fixation,fixation,1
1358.333,520.849,320.864,3.402,True,,fixation,fixation,1
1366.667,514.248,321.047,3.342,True,,fixation,fixation,1
1375.0,527.43,317.957,3.283,True,,fixation,fixation,1
1383.333,522.501,317.647,3.272,True,,fixation,fixation,1
1391.667,524.55,321.184,3.163,True,,fixation,fixation,1
1400.0,515.395,316.953,3.389,True,,fixation,fixation,1
1408.333,527.363,325.66,3.392,True,,fixation,fixation,1
1416.667,514.52,316.889,3.293,True,,fixation,fixation,1
1425.0,522.447,323.48,3.235,True,,fixation,fixation,1
1433.333,523.046,322.552,3.369,True,,fixation,fixation,1
1441.667,536.181,321.472,3.352,True,,fixation,fixation,1
1450.0,523.053,318.504,3.284,True,,fixation,fixation,1
1458.333,522.111,323.172,3.336,True,,fixation,fixation,1
1466.667,524.629,318.967,3.448,True,,fixation,fixation,1
1475.0,521.074,321.469,3.396,True,,fixation,fixation,1
1483.333,513.24,319.499,3.46,True,,fixation,fixation,1
1491.667,520.182,323.857,3.403,True,,fixation,fixation,1
1500.0,510.861,321.945,3.285,True,,fixation,fixation,1
1508.333,521.306,318.857,3.351,True,,fixation,fixation,1
1516.667,519.646,320.667,3.323,True,,fixation,fixation,1
1525.0,513.245,317.223,3.405,True,,fixation,fixation,1
1533.333,528.622,320.64,3.401,True,,fixation,fixation,1
1541.667,524.884,316.244,3.238,True,,fixation,fixation,1
1550.0,519.744,314.796,3.334,True,,fixation,fixation,1
1558.333,512.609,318.284,3.305,True,,fixation,fixation,1
1566.667,522.6,318.22,3.281,True,,fixation,fixation,1
1575.0,520.244,328.16,3.38,True,,fixation,fixation,1
1583.333,510.275,320.251,3.504,True,,fixation,fixation,1
1591.667,520.846,323.522,3.417,True,,fixation,fixation,1
1600.0,525.942,322.89,3.367,True,,fixation,fixation,1
1608.333,519.078,319.234,3.357,True,,fixation,fixation,1
1616.667,522.135,316.492,3.333,True,,fixation,fixation,1
1625.0,519.797,320.297,3.331,True,,fixation,fixation,1
1633.333,524.032,319.714,3.327,True,,fixation,fixation,1
1641.667,513.816,317.862,3.364,True,,fixation,fixation,1
1650.0,520.596,314.394,3.405,True,,fixation,fixation,1
1658.333,516.487,317.52,3.417,True,,fixation,fixation,1
1666.667,525.817,318.044,3.329,True,,fixation,fixation,1
1675.0,513.88,322.239,3.404,True,,fixation,fixation,1
1683.333,517.806,323.827,3.405,True,,fixation,fixation,1
1691.667,519.381,321.984,3.251,True,,fixation,fixation,1
1700.0,518.686,320.692,3.349,True,,fixation,fixation,1
1708.333,530.25,320.854,3.372,True,,fixation,fixation,1
1716.667,513.36,319.484,3.303,True,,fixation,fixation,1
1725.0,531.744,318.857,3.357,True,,fixation,fixation,1
1733.333,526.079,321.806,3.265,True,,fixation,fixation,1
1741.667,523.193,321.953,3.339,True,,fixation,fixation,1
1750.0,522.321,320.288,3.267,True,,fixation,fixation,1
1758.333,517.183,320.057,3.315,True,,fixation,fixation,1
1766.667,522.695,322.755,3.366,True,,fixation,fixation,1
1775.0,518.137,323.748,3.358,True,,fixation,fixation,1
1783.333,521.768,317.901,3.337,True,,fixation,fixation,1
1791.667,524.991,322.045,3.339,True,,fixation,fixation,1
1800.0,,,,False,blink_1,blink,blink,1
1808.333,,,,False,,blink,blink,1
1816.667,,,,False,,blink,blink,1
1825.0,,,,False,,blink,blink,1
1833.333,,,,False,,blink,blink,1
1841.667,,,,False,,blink,blink,1
1850.0,,,,False,,blink,blink,1
1858.333,,,,False,,blink,blink,1
1866.667,,,,False,,blink,blink,1
1875.0,,,,False,,blink,blink,1
1883.333,,,,False,,blink,blink,1
1891.667,,,,False,,blink,blink,1
1900.0,,,,False,,blink,blink,1
1908.333,560.041,336.547,3.294,True,pre_response_A,fixation,fixation,1
1916.667,559.073,334.593,3.267,True,,fixation,fixation,1
1925.0,560.761,335.605,3.262,True,,fixation,fixation,1
1933.333,556.025,335.761,3.177,True,,fixation,fixation,1
1941.667,560.92,336.733,3.389,True,,fixation,fixation,1
1950.0,557.024,332.087,3.388,True,,fixation,fixation,1
1958.333,553.125,337.488,3.309,True,,fixation,fixation,1
1966.667,554.939,336.809,3.417,True,,fixation,fixation,1
1975.0,559.215,335.324,3.249,True,,fixation,fixation,1
1983.333,564.156,336.2,3.334,True,,fixation,fixation,1
1991.667,566.542,331.69,3.32,True,,fixation,fixation,1
2000.0,560.024,335.187,3.204,True,,fixation,fixation,1
2008.333,561.747,335.916,3.411,True,,fixation,fixation,1
2016.667,570.199,335.483,3.373,True,,fixation,fixation,1
2025.0,561.265,336.467,3.342,True,,fixation,fixation,1
2033.333,561.933,339.102,3.299,True,,fixation,fixation,1
2041.667,569.505,337.392,3.368,True,,fixation,fixation,1
2050.0,548.754,335.971,3.291,True,,fixation,fixation,1
2058.333,562.872,338.628,3.419,True,,fixation,fixation,1
2066.667,559.168,335.795,3.376,True,,fixation,fixation,1
2075.0,549.51,334.807,3.317,True,,fixation,fixation,1
2083.333,562.604,334.742,3.395,True,,fixation,fixation,1
2091.667,559.036,338.352,3.483,True,,fixation,fixation,1
2100.0,567.79,338.605,3.419,True,,fixation,fixation,1
2108.333,558.17,333.881,3.299,True,,fixation,fixation,1
2116.667,560.979,340.052,3.306,True,,fixation,fixation,1
2125.0,562.343,332.57,3.277,True,,fixation,fixation,1
2133.333,564.288,334.112,3.307,True,,fixation,fixation,1
2141.667,569.877,336.19,3.347,True,,fixation,fixation,1
2150.0,558.852,337.142,3.308,True,,fixation,fixation,1
2158.333,560.287,338.988,3.331,True,,fixation,fixation,1
2166.667,548.106,334.199,3.396,True,,fixation,fixation,1
2175.0,565.604,337.0,3.436,True,,fixation,fixation,1
2183.333,554.802,339.517,3.363,True,,fixation,fixation,1
2191.667,563.38,328.134,3.404,True,,fixation,fixation,1
2200.0,561.165,341.248,3.361,True,,fixation,fixation,1
2208.333,555.133,333.791,3.374,True,,fixation,fixation,1
2216.667,561.539,334.256,3.286,True,,fixation,fixation,1
2225.0,567.58,335.344,3.346,True,,fixation,fixation,1
2233.333,557.333,339.846,3.417,True,,fixation,fixation,1
2241.667,554.892,335.789,3.295,True,,fixation,fixation,1
2250.0,569.272,337.219,3.333,True,,fixation,fixation,1
2258.333,558.313,337.496,3.335,True,,fixation,fixation,1
2266.667,567.713,333.453,3.276,True,,fixation,fixation,1
2275.0,567.052,334.829,3.435,True,,fixation,fixation,1
2283.333,564.399,332.265,3.313,True,,fixation,fixation,1
2291.667,560.247,335.394,3.368,True,,fixation,fixation,1
2300.0,556.938,335.766,3.41,True,,fixation,fixation,1
2308.333,566.665,333.827,3.336,True,,fixation,fixation,1
2316.667,559.366,332.288,3.406,True,,fixation,fixation,1
2325.0,562.824,337.434,3.343,True,,fixation,fixation,1
2333.333,564.352,338.649,3.42,True,,fixation,fixation,1
2341.667,559.15,336.961,3.327,True,,fixation,fixation,1
2350.0,558.385,338.699,3.353,True,,fixation,fixation,1
2358.333,559.232,337.659,3.39,True,,fixation,fixation,1
2366.667,556.229,334.219,3.393,True,,fixation,fixation,1
2375.0,562.63,335.424,3.422,True,,fixation,fixation,1
2383.333,559.504,330.689,3.302,True,,fixation,fixation,1
2391.667,552.626,339.15,3.38,True,,fixation,fixation,1
2400.0,560.594,329.627,3.261,True,,fixation,fixation,1
2408.333,559.246,331.104,3.407,True,,fixation,fixation,1
2416.667,559.485,335.606,3.346,True,,fixation,fixation,1
2425.0,555.249,333.131,3.236,True,,fixation,fixation,1
2433.333,560.117,337.117,3.336,True,,fixation,fixation,1
2441.667,558.587,333.415,3.365,True,,fixation,fixation,1
2450.0,547.743,332.963,3.31,True,,fixation,fixation,1
2458.333,557.458,336.599,3.338,True,,fixation,fixation,1
2466.667,560.777,339.426,3.432,True,,fixation,fixation,1
2475.0,563.238,339.434,3.454,True,,fixation,fixation,1
2483.333,561.852,332.155,3.41,True,,fixation,fixation,1
2491.667,555.025,341.12,3.454,True,,fixation,fixation,1
2500.0,557.409,332.976,3.309,True,,fixation,fixation,1
2508.333,559.675,339.523,3.276,True,,fixation,fixation,1
2516.667,564.41,330.308,3.423,True,,fixation,fixation,1
2525.0,559.69,336.549,3.344,True,,fixation,fixation,1
2533.333,564.679,337.021,3.451,True,,fixation,fixation,1
2541.667,551.119,333.511,3.269,True,,fixation,fixation,1
2550.0,626.667,344.0,3.372,True,,saccade,saccade,1
2558.333,693.333,352.0,3.299,True,,saccade,saccade,1
2566.667,760.0,360.0,3.423,True,,saccade,saccade,1
2575.0,760.459,363.36,3.292,True,response_A,fixation,fixation,1
2583.333,760.982,361.717,3.308,True,,fixation,fixation,1
2591.667,758.861,364.283,3.426,True,,fixation,fixation,1
2600.0,762.895,365.421,3.233,True,,fixation,fixation,1
2608.333,761.456,358.951,3.435,True,,fixation,fixation,1
2616.667,765.549,363.216,3.314,True,,fixation,fixation,1
2625.0,762.808,362.971,3.428,True,,fixation,fixation,1
2633.333,755.368,358.121,3.365,True,,fixation,fixation,1
2641.667,766.974,361.706,3.433,True,,fixation,fixation,1
2650.0,750.238,359.253,3.38,True,,fixation,fixation,1
2658.333,761.348,354.799,3.416,True,,fixation,fixation,1
2666.667,761.727,358.717,3.422,True,,fixation,fixation,1
2675.0,751.354,358.594,3.403,True,,fixation,fixation,1
2683.333,761.88,359.382,3.341,True,,fixation,fixation,1
2691.667,758.832,362.385,3.332,True,,fixation,fixation,1
2700.0,763.39,354.261,3.424,True,,fixation,fixation,1
2708.333,772.208,361.374,3.345,True,,fixation,fixation,1
2716.667,757.325,361.924,3.311,True,,fixation,fixation,1
2725.0,755.906,354.146,3.365,True,,fixation,fixation,1
2733.333,758.546,359.351,3.35,True,,fixation,fixation,1
2741.667,756.459,360.515,3.285,True,,fixation,fixation,1
2750.0,759.423,359.226,3.248,True,,fixation,fixation,1
2758.333,753.94,358.371,3.316,True,,fixation,fixation,1
2766.667,761.296,358.886,3.347,True,,fixation,fixation,1
2775.0,757.956,352.877,3.343,True,,fixation,fixation,1
2783.333,755.789,359.56,3.304,True,,fixation,fixation,1
2791.667,763.278,359.874,3.392,True,,fixation,fixation,1
2800.0,763.907,358.442,3.399,True,,fixation,fixation,1
2808.333,761.144,357.091,3.343,True,,fixation,fixation,1
2816.667,760.47,363.492,3.329,True,,fixation,fixation,1
2825.0,767.854,362.117,3.223,True,,fixation,fixation,1
2833.333,754.822,361.613,3.263,True,,fixation,fixation,1
2841.667,762.381,363.802,3.334,True,,fixation,fixation,1
2850.0,767.038,363.641,3.347,True,,fixation,fixation,1
2858.333,759.833,360.498,3.377,True,,fixation,fixation,1
2866.667,752.213,359.601,3.25,True,,fixation,fixation,1
2875.0,758.274,359.397,3.241,True,,fixation,fixation,1
2883.333,753.682,358.905,3.48,True,,fixation,fixation,1
2891.667,753.066,360.343,3.296,True,,fixation,fixation,1
2900.0,758.125,362.709,3.369,True,,fixation,fixation,1
2908.333,762.129,361.344,3.385,True,,fixation,fixation,1
2916.667,749.192,361.062,3.345,True,,fixation,fixation,1
2925.0,761.987,362.3,3.375,True,,fixation,fixation,1
2933.333,763.452,356.778,3.377,True,,fixation,fixation,1
2941.667,759.454,359.762,3.428,True,,fixation,fixation,1
2950.0,757.557,358.167,3.271,True,,fixation,fixation,1
2958.333,758.522,362.944,3.25,True,,fixation,fixation,1
2966.667,761.256,353.035,3.309,True,,fixation,fixation,1
2975.0,762.187,358.519,3.278,True,,fixation,fixation,1
2983.333,758.159,362.72,3.44,True,,fixation,fixation,1
2991.667,767.561,361.876,3.372,True,,fixation,fixation,1
3000.0,764.929,356.82,3.292,True,,fixation,fixation,1
3008.333,766.458,362.355,3.403,True,,fixation,fixation,1
3016.667,761.109,357.731,3.285,True,,fixation,fixation,1
3025.0,764.69,362.978,3.283,True,,fixation,fixation,1
3033.333,762.446,360.529,3.381,True,tracking_A,smooth_pursuit,smooth_pursuit,1
3041.667,766.258,360.54,3.385,True,,smooth_pursuit,smooth_pursuit,1
3050.0,770.717,361.278,3.327,True,,smooth_pursuit,smooth_pursuit,1
3058.333,774.665,361.42,3.34,True,,smooth_pursuit,smooth_pursuit,1
3066.667,777.206,363.187,3.383,True,,smooth_pursuit,smooth_pursuit,1
3075.0,777.947,363.681,3.361,True,,smooth_pursuit,smooth_pursuit,1
3083.333,783.734,364.739,3.309,True,,smooth_pursuit,smooth_pursuit,1
3091.667,788.401,365.252,3.37,True,,smooth_pursuit,smooth_pursuit,1
3100.0,789.308,365.645,3.397,True,,smooth_pursuit,smooth_pursuit,1
3108.333,793.315,366.267,3.361,True,,smooth_pursuit,smooth_pursuit,1
3116.667,794.707,366.584,3.374,True,,smooth_pursuit,smooth_pursuit,1
3125.0,799.414,367.3,3.349,True,,smooth_pursuit,smooth_pursuit,1
3133.333,801.437,368.588,3.303,True,,smooth_pursuit,smooth_pursuit,1
3141.667,807.174,368.449,3.338,True,,smooth_pursuit,smooth_pursuit,1
3150.0,810.08,369.77,3.378,True,,smooth_pursuit,smooth_pursuit,1
3158.333,812.817,369.646,3.32,True,,smooth_pursuit,smooth_pursuit,1
3166.667,814.913,371.15,3.312,True,,smooth_pursuit,smooth_pursuit,1
3175.0,819.118,371.304,3.303,True,,smooth_pursuit,smooth_pursuit,1
3183.333,823.909,370.936,3.31,True,,smooth_pursuit,smooth_pursuit,1
3191.667,825.97,371.541,3.358,True,,smooth_pursuit,smooth_pursuit,1
3200.0,831.702,373.373,3.366,True,,smooth_pursuit,smooth_pursuit,1
3208.333,832.595,373.252,3.353,True,,smooth_pursuit,smooth_pursuit,1
3216.667,836.576,374.155,3.307,True,,smooth_pursuit,smooth_pursuit,1
3225.0,842.087,373.57,3.344,True,,smooth_pursuit,smooth_pursuit,1
3233.333,844.277,374.648,3.385,True,,smooth_pursuit,smooth_pursuit,1
3241.667,844.92,375.258,3.266,True,,smooth_pursuit,smooth_pursuit,1
3250.0,851.182,375.505,3.324,True,,smooth_pursuit,smooth_pursuit,1
3258.333,854.188,377.342,3.385,True,,smooth_pursuit,smooth_pursuit,1
3266.667,857.374,378.388,3.331,True,,smooth_pursuit,smooth_pursuit,1
3275.0,859.824,378.875,3.374,True,,smooth_pursuit,smooth_pursuit,1
3283.333,864.394,378.282,3.309,True,,smooth_pursuit,smooth_pursuit,1
3291.667,865.086,379.127,3.344,True,,smooth_pursuit,smooth_pursuit,1
3300.0,868.493,379.969,3.37,True,,smooth_pursuit,smooth_pursuit,1
3308.333,874.444,380.257,3.368,True,,smooth_pursuit,smooth_pursuit,1
3316.667,875.059,380.81,3.352,True,,smooth_pursuit,smooth_pursuit,1
3325.0,879.149,381.326,3.357,True,,smooth_pursuit,smooth_pursuit,1
3333.333,894.726,386.129,3.34,True,trial1_end,fixation,fixation,1
3341.667,902.222,387.898,3.354,True,,fixation,fixation,1
3350.0,897.191,388.592,3.358,True,,fixation,fixation,1
3358.333,895.27,386.293,3.309,True,,fixation,fixation,1
3366.667,887.043,383.18,3.323,True,,fixation,fixation,1
3375.0,897.377,381.586,3.325,True,,fixation,fixation,1
3383.333,901.8,382.681,3.361,True,,fixation,fixation,1
3391.667,889.532,387.205,3.312,True,,fixation,fixation,1
3400.0,892.963,388.862,3.374,True,,fixation,fixation,1
3408.333,904.402,386.662,3.367,True,,fixation,fixation,1
3416.667,897.734,386.968,3.341,True,,fixation,fixation,1
3425.0,896.457,385.287,3.269,True,,fixation,fixation,1
3433.333,899.514,387.01,3.353,True,,fixation,fixation,1
3441.667,902.47,384.95,3.348,True,,fixation,fixation,1
3450.0,899.78,391.085,3.268,True,,fixation,fixation,1
3458.333,909.686,383.808,3.326,True,,fixation,fixation,1
3466.667,901.024,387.389,3.344,True,,fixation,fixation,1
3475.0,900.75,389.611,3.501,True,,fixation,fixation,1
3483.333,901.692,387.714,3.34,True,,fixation,fixation,1
3491.667,907.896,385.507,3.376,True,,fixation,fixation,1
3500.0,894.491,378.57,3.481,True,,fixation,fixation,1
3508.333,904.964,388.321,3.291,True,,fixation,fixation,1
3516.667,891.613,385.179,3.353,True,,fixation,fixation,1
3525.0,903.258,385.859,3.422,True,,fixation,fixation,1
3533.333,901.409,386.673,3.415,True,,fixation,fixation,1
3541.667,896.389,386.879,3.313,True,,fixation,fixation,1
3550.0,896.356,389.948,3.411,True,,fixation,fixation,1
3558.333,902.35,389.396,3.369,True,,fixation,fixation,1
3566.667,906.398,383.538,3.338,True,,fixation,fixation,1
3575.0,901.609,383.107,3.307,True,,fixation,fixation,1
3583.333,893.588,387.691,3.319,True,,fixation,fixation,1
3591.667,901.061,387.278,3.337,True,,fixation,fixation,1
3600.0,899.85,386.229,3.372,True,,fixation,fixation,1
3608.333,906.365,382.874,3.352,True,,fixation,fixation,1
3616.667,893.825,389.787,3.239,True,,fixation,fixation,1
3625.0,900.563,384.728,3.313,True,,fixation,fixation,1
3633.333,903.26,387.296,3.29,True,,fixation,fixation,1
3641.667,902.019,386.634,3.303,True,,fixation,fixation,1
3650.0,892.552,387.996,3.388,True,,fixation,fixation,1
3658.333,902.278,384.419,3.418,True,,fixation,fixation,1
3666.667,916.668,386.275,3.378,True,,fixation,fixation,1
3675.0,895.672,383.643,3.45,True,,fixation,fixation,1
3683.333,910.895,385.15,3.307,True,,fixation,fixation,1
3691.667,895.113,384.154,3.349,True,,fixation,fixation,1
3700.0,893.478,383.872,3.402,True,,fixation,fixation,1
3708.333,898.792,383.658,3.275,True,,fixation,fixation,1
3716.667,904.897,382.919,3.337,True,,fixation,fixation,1
3725.0,904.544,387.241,3.362,True,,fixation,fixation,1
3733.333,901.073,383.182,3.302,True,,fixation,fixation,1
3741.667,897.274,377.93,3.32,True,,fixation,fixation,1
3750.0,795.0,419.5,3.345,True,trial2_start,saccade,saccade,2
3758.333,690.0,453.0,3.345,True,,saccade,saccade,2
3766.667,585.0,486.5,3.344,True,,saccade,saccade,2
3775.0,480.0,520.0,3.354,True,,saccade,saccade,2
3783.333,480.926,524.24,3.354,True,cue_B,fixation,fixation,2
3791.667,483.837,518.156,3.365,True,,fixation,fixation,2
3800.0,481.058,519.168,3.243,True,,fixation,fixation,2
3808.333,472.939,521.028,3.343,True,,fixation,fixation,2
3816.667,478.418,517.949,3.351,True,,fixation,fixation,2
3825.0,482.508,524.91,3.345,True,,fixation,fixation,2
3833.333,478.82,520.581,3.416,True,,fixation,fixation,2
3841.667,491.214,521.385,3.261,True,,fixation,fixation,2
3850.0,479.872,516.752,3.289,True,,fixation,fixation,2
3858.333,488.787,518.922,3.305,True,,fixation,fixation,2
3866.667,486.625,520.103,3.28,True,,fixation,fixation,2
3875.0,480.114,516.074,3.297,True,,fixation,fixation,2
3883.333,480.768,512.919,3.391,True,,fixation,fixation,2
3891.667,481.12,522.229,3.325,True,,fixation,fixation,2
3900.0,481.976,517.221,3.293,True,,fixation,fixation,2
3908.333,480.399,520.013,3.348,True,,fixation,fixation,2
3916.667,486.636,519.191,3.376,True,,fixation,fixation,2
3925.0,481.617,520.38,3.374,True,,fixation,fixation,2
3933.333,471.253,518.425,3.415,True,,fixation,fixation,2
3941.667,478.44,521.865,3.377,True,,fixation,fixation,2
3950.0,464.706,516.349,3.309,True,,fixation,fixation,2
3958.333,476.504,518.714,3.323,True,,fixation,fixation,2
3966.667,475.833,518.115,3.232,True,,fixation,fixation,2
3975.0,489.581,523.758,3.401,True,,fixation,fixation,2
3983.333,479.465,517.431,3.495,True,,fixation,fixation,2
3991.667,475.166,523.863,3.367,True,,fixation,fixation,2
4000.0,475.314,517.682,3.323,True,,fixation,fixation,2
4008.333,476.741,516.036,3.374,True,,fixation,fixation,2
4016.667,475.269,522.02,3.338,True,,fixation,fixation,2
4025.0,480.569,520.24,3.325,True,,fixation,fixation,2
4033.333,479.368,520.396,3.487,True,,fixation,fixation,2
4041.667,473.424,517.984,3.325,True,,fixation,fixation,2
4050.0,473.543,516.238,3.255,True,,fixation,fixation,2
4058.333,479.479,518.394,3.357,True,,fixation,fixation,2
4066.667,472.598,517.401,3.401,True,,fixation,fixation,2
4075.0,483.477,515.555,3.396,True,,fixation,fixation,2
4083.333,476.957,516.785,3.39,True,,fixation,fixation,2
4091.667,484.172,512.967,3.398,True,,fixation,fixation,2
4100.0,477.141,518.349,3.323,True,,fixation,fixation,2
4108.333,484.935,523.217,3.365,True,,fixation,fixation,2
4116.667,483.401,525.566,3.342,True,,fixation,fixation,2
4125.0,474.39,521.137,3.386,True,,fixation,fixation,2
4133.333,478.667,519.176,3.472,True,,fixation,fixation,2
4141.667,478.182,517.258,3.183,True,,fixation,fixation,2
4150.0,483.572,523.214,3.274,True,,fixation,fixation,2
4158.333,482.407,518.799,3.348,True,,fixation,fixation,2
4166.667,476.586,519.712,3.396,True,,fixation,fixation,2
4175.0,477.002,517.891,3.284,True,,fixation,fixation,2
4183.333,485.177,517.47,3.382,True,,fixation,fixation,2
4191.667,473.355,513.912,3.311,True,,fixation,fixation,2
4200.0,480.739,522.738,3.393,True,,fixation,fixation,2
4208.333,481.177,512.928,3.374,True,,fixation,fixation,2
4216.667,472.204,517.854,3.452,True,,fixation,fixation,2
4225.0,484.583,516.815,3.324,True,,fixation,fixation,2
4233.333,483.527,519.381,3.332,True,,fixation,fixation,2
4241.667,474.018,521.264,3.386,True,,fixation,fixation,2
4250.0,475.65,514.235,3.454,True,,fixation,fixation,2
4258.333,476.143,520.948,3.295,True,,fixation,fixation,2
4266.667,475.939,522.435,3.327,True,,fixation,fixation,2
4275.0,483.511,521.997,3.315,True,,fixation,fixation,2
4283.333,,,,False,blink_2,blink,blink,2
4291.667,,,,False,,blink,blink,2
4300.0,,,,False,,blink,blink,2
4308.333,,,,False,,blink,blink,2
4316.667,,,,False,,blink,blink,2
4325.0,,,,False,,blink,blink,2
4333.333,,,,False,,blink,blink,2
4341.667,,,,False,,blink,blink,2
4350.0,,,,False,,blink,blink,2
4358.333,,,,False,,blink,blink,2
4366.667,,,,False,,blink,blink,2
4375.0,,,,False,,blink,blink,2
4383.333,,,,False,,blink,blink,2
4391.667,,,,False,,blink,blink,2
4400.0,541.14,531.946,3.421,True,pre_response_B,fixation,fixation,2
4408.333,538.356,529.858,3.29,True,,fixation,fixation,2
4416.667,543.602,530.116,3.267,True,,fixation,fixation,2
4425.0,537.974,529.532,3.311,True,,fixation,fixation,2
4433.333,536.143,525.374,3.353,True,,fixation,fixation,2
4441.667,537.628,532.372,3.341,True,,fixation,fixation,2
4450.0,543.928,526.595,3.37,True,,fixation,fixation,2
4458.333,543.383,531.905,3.331,True,,fixation,fixation,2
4466.667,535.365,534.453,3.336,True,,fixation,fixation,2
4475.0,533.861,529.318,3.367,True,,fixation,fixation,2
4483.333,536.281,531.036,3.402,True,,fixation,fixation,2
4491.667,539.634,532.692,3.341,True,,fixation,fixation,2
4500.0,537.531,534.268,3.386,True,,fixation,fixation,2
4508.333,540.428,525.012,3.266,True,,fixation,fixation,2
4516.667,531.584,529.819,3.347,True,,fixation,fixation,2
4525.0,541.941,532.767,3.257,True,,fixation,fixation,2
4533.333,533.178,527.425,3.376,True,,fixation,fixation,2
4541.667,541.317,527.086,3.307,True,,fixation,fixation,2
4550.0,541.766,530.117,3.409,True,,fixation,fixation,2
4558.333,535.825,529.552,3.289,True,,fixation,fixation,2
4566.667,545.596,532.736,3.378,True,,fixation,fixation,2
4575.0,544.728,533.709,3.436,True,,fixation,fixation,2
4583.333,548.356,527.994,3.302,True,,fixation,fixation,2
4591.667,546.342,528.812,3.244,True,,fixation,fixation,2
4600.0,537.7,532.778,3.322,True,,fixation,fixation,2
4608.333,543.78,530.824,3.269,True,,fixation,fixation,2
4616.667,542.234,530.02,3.317,True,,fixation,fixation,2
4625.0,532.856,534.382,3.295,True,,fixation,fixation,2
4633.333,529.821,532.281,3.323,True,,fixation,fixation,2
4641.667,545.9,529.705,3.349,True,,fixation,fixation,2
4650.0,542.912,530.312,3.357,True,,fixation,fixation,2
4658.333,545.387,527.513,3.383,True,,fixation,fixation,2
4666.667,541.423,525.59,3.416,True,,fixation,fixation,2
4675.0,543.83,534.218,3.324,True,,fixation,fixation,2
4683.333,534.512,538.429,3.289,True,,fixation,fixation,2
4691.667,536.039,531.522,3.324,True,,fixation,fixation,2
4700.0,542.057,526.358,3.248,True,,fixation,fixation,2
4708.333,537.264,531.851,3.348,True,,fixation,fixation,2
4716.667,545.971,529.278,3.361,True,,fixation,fixation,2
4725.0,535.465,525.987,3.277,True,,fixation,fixation,2
4733.333,536.03,535.395,3.273,True,,fixation,fixation,2
4741.667,535.596,533.763,3.31,True,,fixation,fixation,2
4750.0,542.939,523.74,3.292,True,,fixation,fixation,2
4758.333,542.552,525.331,3.361,True,,fixation,fixation,2
4766.667,540.165,528.45,3.333,True,,fixation,fixation,2
4775.0,543.509,529.849,3.409,True,,fixation,fixation,2
4783.333,543.883,534.217,3.324,True,,fixation,fixation,2
4791.667,540.826,527.09,3.387,True,,fixation,fixation,2
4800.0,536.424,531.681,3.333,True,,fixation,fixation,2
4808.333,539.122,530.617,3.305,True,,fixation,fixation,2
4816.667,536.632,528.273,3.317,True,,fixation,fixation,2
4825.0,543.068,528.909,3.315,True,,fixation,fixation,2
4833.333,544.047,531.866,3.34,True,,fixation,fixation,2
4841.667,552.234,527.088,3.445,True,,fixation,fixation,2
4850.0,541.22,532.719,3.331,True,,fixation,fixation,2
4858.333,545.753,527.249,3.397,True,,fixation,fixation,2
4866.667,541.217,532.432,3.32,True,,fixation,fixation,2
4875.0,542.033,527.806,3.328,True,,fixation,fixation,2
4883.333,538.688,528.295,3.32,True,,fixation,fixation,2
4891.667,533.819,529.616,3.436,True,,fixation,fixation,2
4900.0,554.109,527.663,3.304,True,,fixation,fixation,2
4908.333,541.608,531.339,3.272,True,,fixation,fixation,2
4916.667,528.435,530.681,3.429,True,,fixation,fixation,2
4925.0,547.044,529.95,3.433,True,,fixation,fixation,2
4933.333,539.107,526.137,3.341,True,,fixation,fixation,2
4941.667,545.122,530.333,3.316,True,,fixation,fixation,2
4950.0,540.226,530.9,3.358,True,,fixation,fixation,2
4958.333,541.473,531.015,3.414,True,,fixation,fixation,2
4966.667,540.623,529.562,3.371,True,,fixation,fixation,2
4975.0,542.917,525.194,3.418,True,,fixation,fixation,2
4983.333,548.443,530.053,3.386,True,,fixation,fixation,2
4991.667,536.279,531.833,3.299,True,,fixation,fixation,2
5000.0,540.875,531.567,3.303,True,,fixation,fixation,2
5008.333,534.44,529.037,3.316,True,,fixation,fixation,2
5016.667,633.333,536.0,3.34,True,,saccade,saccade,2
5025.0,726.667,542.0,3.317,True,,saccade,saccade,2
5033.333,820.0,548.0,3.382,True,,saccade,saccade,2
5041.667,818.62,549.197,3.252,True,response_B,fixation,fixation,2
5050.0,817.035,552.369,3.297,True,,fixation,fixation,2
5058.333,821.391,553.727,3.349,True,,fixation,fixation,2
5066.667,827.49,545.518,3.321,True,,fixation,fixation,2
5075.0,819.664,546.493,3.37,True,,fixation,fixation,2
5083.333,811.085,545.062,3.428,True,,fixation,fixation,2
5091.667,820.555,549.315,3.45,True,,fixation,fixation,2
5100.0,811.226,539.765,3.456,True,,fixation,fixation,2
5108.333,813.093,548.185,3.252,True,,fixation,fixation,2
5116.667,807.141,547.737,3.377,True,,fixation,fixation,2
5125.0,815.773,540.956,3.367,True,,fixation,fixation,2
5133.333,829.372,543.174,3.394,True,,fixation,fixation,2
5141.667,821.253,542.839,3.409,True,,fixation,fixation,2
5150.0,820.791,547.541,3.425,True,,fixation,fixation,2
5158.333,820.038,551.451,3.506,True,,fixation,fixation,2
5166.667,820.971,549.159,3.315,True,,fixation,fixation,2
5175.0,827.606,544.591,3.319,True,,fixation,fixation,2
5183.333,819.684,547.497,3.307,True,,fixation,fixation,2
5191.667,824.386,547.146,3.221,True,,fixation,fixation,2
5200.0,825.801,552.759,3.317,True,,fixation,fixation,2
5208.333,826.789,546.533,3.29,True,,fixation,fixation,2
5216.667,815.39,552.502,3.432,True,,fixation,fixation,2
5225.0,823.476,545.218,3.398,True,,fixation,fixation,2
5233.333,814.57,549.72,3.317,True,,fixation,fixation,2
5241.667,817.152,546.562,3.226,True,,fixation,fixation,2
5250.0,811.222,547.587,3.286,True,,fixation,fixation,2
5258.333,824.111,551.23,3.256,True,,fixation,fixation,2
5266.667,812.462,547.533,3.467,True,,fixation,fixation,2
5275.0,816.051,549.358,3.25,True,,fixation,fixation,2
5283.333,815.412,549.297,3.335,True,,fixation,fixation,2
5291.667,822.417,548.293,3.348,True,,fixation,fixation,2
5300.0,819.723,551.713,3.345,True,,fixation,fixation,2
5308.333,824.187,547.199,3.354,True,,fixation,fixation,2
5316.667,814.498,542.151,3.323,True,,fixation,fixation,2
5325.0,820.323,546.591,3.38,True,,fixation,fixation,2
5333.333,815.816,544.061,3.259,True,,fixation,fixation,2
5341.667,823.066,545.603,3.348,True,,fixation,fixation,2
5350.0,812.689,545.469,3.345,True,,fixation,fixation,2
5358.333,825.09,544.888,3.259,True,,fixation,fixation,2
5366.667,819.589,548.225,3.32,True,,fixation,fixation,2
5375.0,825.721,543.065,3.296,True,,fixation,fixation,2
5383.333,819.613,545.373,3.365,True,,fixation,fixation,2
5391.667,819.624,547.093,3.49,True,,fixation,fixation,2
5400.0,814.638,547.056,3.375,True,,fixation,fixation,2
5408.333,815.833,548.15,3.396,True,,fixation,fixation,2
5416.667,820.679,549.821,3.323,True,,fixation,fixation,2
5425.0,818.291,553.068,3.374,True,,fixation,fixation,2
5433.333,824.438,545.988,3.332,True,,fixation,fixation,2
5441.667,825.433,548.041,3.271,True,,fixation,fixation,2
5450.0,815.12,547.605,3.44,True,,fixation,fixation,2
5458.333,822.297,545.699,3.345,True,,fixation,fixation,2
5466.667,819.964,543.202,3.344,True,,fixation,fixation,2
5475.0,817.901,547.395,3.292,True,,fixation,fixation,2
5483.333,821.533,546.676,3.3,True,,fixation,fixation,2
5491.667,828.929,546.785,3.264,True,,fixation,fixation,2
5500.0,825.769,551.699,3.288,True,,fixation,fixation,2
5508.333,817.495,547.319,3.322,True,,fixation,fixation,2
5516.667,812.723,544.835,3.474,True,,fixation,fixation,2
5525.0,822.71,547.868,3.374,True,tracking_B,smooth_pursuit,smooth_pursuit,2
5533.333,826.392,548.109,3.311,True,,smooth_pursuit,smooth_pursuit,2
5541.667,831.134,549.159,3.386,True,,smooth_pursuit,smooth_pursuit,2
5550.0,833.511,550.39,3.353,True,,smooth_pursuit,smooth_pursuit,2
5558.333,836.916,550.068,3.359,True,,smooth_pursuit,smooth_pursuit,2
5566.667,841.414,549.452,3.344,True,,smooth_pursuit,smooth_pursuit,2
5575.0,844.378,550.995,3.392,True,,smooth_pursuit,smooth_pursuit,2
5583.333,849.141,551.36,3.386,True,,smooth_pursuit,smooth_pursuit,2
5591.667,853.153,550.805,3.307,True,,smooth_pursuit,smooth_pursuit,2
5600.0,855.398,552.678,3.304,True,,smooth_pursuit,smooth_pursuit,2
5608.333,857.586,551.873,3.328,True,,smooth_pursuit,smooth_pursuit,2
5616.667,863.458,552.241,3.377,True,,smooth_pursuit,smooth_pursuit,2
5625.0,866.156,552.856,3.306,True,,smooth_pursuit,smooth_pursuit,2
5633.333,868.552,551.314,3.321,True,,smooth_pursuit,smooth_pursuit,2
5641.667,872.2,553.512,3.307,True,,smooth_pursuit,smooth_pursuit,2
5650.0,878.519,554.568,3.312,True,,smooth_pursuit,smooth_pursuit,2
5658.333,877.711,552.664,3.358,True,,smooth_pursuit,smooth_pursuit,2
5666.667,881.964,554.066,3.367,True,,smooth_pursuit,smooth_pursuit,2
5675.0,887.448,555.241,3.303,True,,smooth_pursuit,smooth_pursuit,2
5683.333,891.3,555.56,3.381,True,,smooth_pursuit,smooth_pursuit,2
5691.667,895.032,554.342,3.262,True,,smooth_pursuit,smooth_pursuit,2
5700.0,898.011,556.993,3.321,True,,smooth_pursuit,smooth_pursuit,2
5708.333,900.165,556.208,3.386,True,,smooth_pursuit,smooth_pursuit,2
5716.667,905.515,555.477,3.333,True,,smooth_pursuit,smooth_pursuit,2
5725.0,907.49,557.236,3.374,True,,smooth_pursuit,smooth_pursuit,2
5733.333,910.638,556.484,3.358,True,,smooth_pursuit,smooth_pursuit,2
5741.667,914.966,556.87,3.332,True,,smooth_pursuit,smooth_pursuit,2
5750.0,919.483,557.558,3.344,True,,smooth_pursuit,smooth_pursuit,2
5758.333,921.36,558.669,3.33,True,,smooth_pursuit,smooth_pursuit,2
5766.667,926.135,558.683,3.335,True,,smooth_pursuit,smooth_pursuit,2
5775.0,928.348,558.838,3.337,True,,smooth_pursuit,smooth_pursuit,2
5783.333,934.095,558.575,3.375,True,,smooth_pursuit,smooth_pursuit,2
5791.667,937.861,560.135,3.374,True,,smooth_pursuit,smooth_pursuit,2
5800.0,939.644,560.328,3.365,True,,smooth_pursuit,smooth_pursuit,2
5808.333,951.771,563.014,3.276,True,trial2_end,fixation,fixation,2
5816.667,950.541,563.863,3.375,True,,fixation,fixation,2
5825.0,956.558,565.361,3.383,True,,fixation,fixation,2
5833.333,960.389,562.594,3.389,True,,fixation,fixation,2
5841.667,968.75,558.334,3.393,True,,fixation,fixation,2
5850.0,954.18,566.305,3.409,True,,fixation,fixation,2
5858.333,957.95,562.801,3.349,True,,fixation,fixation,2
5866.667,960.592,563.442,3.418,True,,fixation,fixation,2
5875.0,952.157,562.617,3.389,True,,fixation,fixation,2
5883.333,958.562,563.316,3.332,True,,fixation,fixation,2
5891.667,964.756,565.909,3.27,True,,fixation,fixation,2
5900.0,954.309,562.859,3.342,True,,fixation,fixation,2
5908.333,964.533,563.678,3.429,True,,fixation,fixation,2
5916.667,969.326,561.613,3.36,True,,fixation,fixation,2
5925.0,965.164,564.651,3.371,True,,fixation,fixation,2
5933.333,957.739,562.498,3.363,True,,fixation,fixation,2
5941.667,965.015,561.132,3.342,True,,fixation,fixation,2
5950.0,969.05,563.49,3.361,True,,fixation,fixation,2
5958.333,964.054,565.607,3.341,True,,fixation,fixation,2
5966.667,958.97,568.229,3.294,True,,fixation,fixation,2
5975.0,953.296,567.098,3.427,True,,fixation,fixation,2
5983.333,955.255,566.471,3.373,True,,fixation,fixation,2
5991.667,959.568,564.379,3.463,True,,fixation,fixation,2
6000.0,963.902,565.726,3.384,True,,fixation,fixation,2
6008.333,957.232,563.246,3.344,True,,fixation,fixation,2
6016.667,955.822,565.577,3.422,True,,fixation,fixation,2
6025.0,959.749,561.872,3.305,True,,fixation,fixation,2
6033.333,968.206,562.512,3.279,True,,fixation,fixation,2
6041.667,952.789,562.823,3.426,True,,fixation,fixation,2
6050.0,966.479,565.751,3.308,True,,fixation,fixation,2
6058.333,964.361,563.598,3.39,True,,fixation,fixation,2
6066.667,971.15,563.525,3.272,True,,fixation,fixation,2
6075.0,969.826,563.721,3.343,True,,fixation,fixation,2
6083.333,952.115,566.234,3.417,True,,fixation,fixation,2
6091.667,961.623,567.206,3.331,True,,fixation,fixation,2
6100.0,967.126,566.345,3.461,True,,fixation,fixation,2
6108.333,952.042,560.781,3.408,True,,fixation,fixation,2
6116.667,962.298,561.71,3.361,True,,fixation,fixation,2
6125.0,965.092,567.386,3.372,True,,fixation,fixation,2
6133.333,960.953,565.563,3.353,True,,fixation,fixation,2
6141.667,970.053,563.097,3.357,True,,fixation,fixation,2
6150.0,959.539,568.538,3.324,True,,fixation,fixation,2
6158.333,964.906,564.108,3.328,True,,fixation,fixation,2
6166.667,950.029,564.087,3.456,True,,fixation,fixation,2
6175.0,956.97,556.195,3.373,True,,fixation,fixation,2
6183.333,954.41,559.315,3.323,True,,fixation,fixation,2
6191.667,953.626,567.049,3.366,True,,fixation,fixation,2
6200.0,963.347,562.388,3.346,True,,fixation,fixation,2
6208.333,957.391,564.808,3.217,True,,fixation,fixation,2
6216.667,959.87,566.851,3.452,True,,fixation,fixation,2
6225.0,964.168,564.4,3.248,True,,fixation,fixation,2
6233.333,960.756,558.595,3.296,True,,fixation,fixation,2
6241.667,978.93,565.23,3.403,True,task_end,fixation,fixation,2
6250.0,978.556,562.508,3.32,True,,fixation,fixation,2
6258.333,976.155,568.953,3.261,True,,fixation,fixation,2
6266.667,977.489,568.484,3.298,True,,fixation,fixation,2
6275.0,981.849,566.045,3.329,True,,fixation,fixation,2
6283.333,971.145,566.048,3.318,True,,fixation,fixation,2
6291.667,981.348,561.958,3.381,True,,fixation,fixation,2
6300.0,983.239,569.827,3.32,True,,fixation,fixation,2
6308.333,976.464,568.458,3.287,True,,fixation,fixation,2
6316.667,975.658,565.125,3.281,True,,fixation,fixation,2
6325.0,987.158,568.621,3.219,True,,fixation,fixation,2
6333.333,969.247,564.2,3.38,True,,fixation,fixation,2
6341.667,983.397,569.872,3.367,True,,fixation,fixation,2
6350.0,974.643,567.149,3.28,True,,fixation,fixation,2
6358.333,975.807,561.575,3.296,True,,fixation,fixation,2
6366.667,976.87,564.415,3.456,True,,fixation,fixation,2
6375.0,980.481,566.956,3.359,True,,fixation,fixation,2
6383.333,987.918,563.383,3.395,True,,fixation,fixation,2
6391.667,975.725,565.619,3.38,True,,fixation,fixation,2
6400.0,973.249,564.937,3.35,True,,fixation,fixation,2
6408.333,982.523,565.384,3.519,True,,fixation,fixation,2
6416.667,989.41,559.944,3.357,True,,fixation,fixation,2
6425.0,982.77,566.941,3.433,True,,fixation,fixation,2
6433.333,965.696,563.045,3.443,True,,fixation,fixation,2
6441.667,986.075,572.285,3.449,True,,fixation,fixation,2
6450.0,973.581,568.846,3.333,True,,fixation,fixation,2
6458.333,981.044,566.154,3.322,True,,fixation,fixation,2
6466.667,977.483,568.131,3.317,True,,fixation,fixation,2
6475.0,981.078,567.334,3.318,True,,fixation,fixation,2
6483.333,978.573,569.165,3.248,True,,fixation,fixation,2
6491.667,976.637,562.319,3.363,True,,fixation,fixation,2
6500.0,993.519,562.621,3.424,True,,fixation,fixation,2
6508.333,987.102,560.121,3.269,True,,fixation,fixation,2
6516.667,979.894,563.284,3.367,True,,fixation,fixation,2
6525.0,986.831,567.937,3.338,True,,fixation,fixation,2
6533.333,982.837,566.968,3.274,True,,fixation,fixation,2
6541.667,976.99,567.287,3.346,True,,fixation,fixation,2
6550.0,981.612,568.448,3.205,True,,fixation,fixation,2
6558.333,987.409,560.754,3.351,True,,fixation,fixation,2
6566.667,980.765,565.598,3.361,True,,fixation,fixation,2
6575.0,977.185,563.989,3.344,True,,fixation,fixation,2
6583.333,980.857,564.102,3.369,True,,fixation,fixation,2
6591.667,975.654,564.369,3.335,True,,fixation,fixation,2
6600.0,982.194,565.121,3.373,True,,fixation,fixation,2
6608.333,988.01,564.66,3.427,True,,fixation,fixation,2
6616.667,973.33,567.746,3.338,True,,fixation,fixation,2
6625.0,990.482,564.565,3.299,True,,fixation,fixation,2
6633.333,985.198,567.092,3.354,True,,fixation,fixation,2
6641.667,967.848,567.042,3.343,True,,fixation,fixation,2
6650.0,980.334,563.803,3.427,True,,fixation,fixation,2
6658.333,979.818,565.26,3.255,True,,fixation,fixation,2
6666.667,978.878,562.916,3.43,True,,fixation,fixation,2
6675.0,981.092,564.251,3.337,True,,fixation,fixation,2
6683.333,987.095,566.297,3.347,True,,fixation,fixation,2
